{"proxies":{"io.branch.sdk.BranchUniversalObjectProxy":{"superPackageName":"org.appcelerator.kroll","methods":{"getCanonicalIdentifier":{"runOnUiThread":false,"hasInvocation":false,"args":[],"apiName":"getCanonicalIdentifier","converter":"org.appcelerator.kroll.KrollConverter","defaultValueProvider":"org.appcelerator.kroll.KrollConverter","name":"__default_name__","returnType":"java.lang.String"},"setContentIndexingMode":{"runOnUiThread":false,"hasInvocation":false,"args":[{"converter":"org.appcelerator.kroll.KrollConverter","defaultValueProvider":"org.appcelerator.kroll.KrollConverter","name":"contentIndexingMode","sourceName":"contentIndexingMode","type":"java.lang.String"}],"apiName":"setContentIndexingMode","converter":"org.appcelerator.kroll.KrollConverter","defaultValueProvider":"org.appcelerator.kroll.KrollConverter","name":"__default_name__","returnType":"void"},"setBranchEvent":{"runOnUiThread":false,"hasInvocation":false,"args":[{"converter":"org.appcelerator.kroll.KrollConverter","defaultValueProvider":"org.appcelerator.kroll.KrollConverter","name":"eventName","sourceName":"eventName","type":"java.lang.String"},{"converter":"org.appcelerator.kroll.KrollConverter","defaultValueProvider":"org.appcelerator.kroll.KrollConverter","name":"options","sourceName":"options","type":"org.appcelerator.kroll.KrollDict"}],"apiName":"setBranchEvent","converter":"org.appcelerator.kroll.KrollConverter","defaultValueProvider":"org.appcelerator.kroll.KrollConverter","name":"__default_name__","returnType":"void"},"getMessage":{"runOnUiThread":false,"hasInvocation":false,"args":[],"apiName":"getMessage","converter":"org.appcelerator.kroll.KrollConverter","defaultValueProvider":"org.appcelerator.kroll.KrollConverter","name":"__default_name__","returnType":"java.lang.String"},"setTitle":{"runOnUiThread":false,"hasInvocation":false,"args":[{"converter":"org.appcelerator.kroll.KrollConverter","defaultValueProvider":"org.appcelerator.kroll.KrollConverter","name":"title","sourceName":"title","type":"java.lang.String"}],"apiName":"setTitle","converter":"org.appcelerator.kroll.KrollConverter","defaultValueProvider":"org.appcelerator.kroll.KrollConverter","name":"__default_name__","returnType":"void"},"getContentDescription":{"runOnUiThread":false,"hasInvocation":false,"args":[],"apiName":"getContentDescription","converter":"org.appcelerator.kroll.KrollConverter","defaultValueProvider":"org.appcelerator.kroll.KrollConverter","name":"__default_name__","returnType":"java.lang.String"},"setMessage":{"runOnUiThread":false,"hasInvocation":false,"args":[{"converter":"org.appcelerator.kroll.KrollConverter","defaultValueProvider":"org.appcelerator.kroll.KrollConverter","name":"message","sourceName":"message","type":"java.lang.String"}],"apiName":"setMessage","converter":"org.appcelerator.kroll.KrollConverter","defaultValueProvider":"org.appcelerator.kroll.KrollConverter","name":"__default_name__","returnType":"void"},"getContentImageUrl":{"runOnUiThread":false,"hasInvocation":false,"args":[],"apiName":"getContentImageUrl","converter":"org.appcelerator.kroll.KrollConverter","defaultValueProvider":"org.appcelerator.kroll.KrollConverter","name":"__default_name__","returnType":"java.lang.String"},"isPublicallyIndexable":{"runOnUiThread":false,"hasInvocation":false,"args":[],"apiName":"isPublicallyIndexable","converter":"org.appcelerator.kroll.KrollConverter","defaultValueProvider":"org.appcelerator.kroll.KrollConverter","name":"__default_name__","returnType":"boolean"},"generateShortUrl":{"runOnUiThread":false,"hasInvocation":false,"args":[{"converter":"org.appcelerator.kroll.KrollConverter","defaultValueProvider":"org.appcelerator.kroll.KrollConverter","name":"options","sourceName":"options","type":"org.appcelerator.kroll.KrollDict"},{"converter":"org.appcelerator.kroll.KrollConverter","defaultValueProvider":"org.appcelerator.kroll.KrollConverter","name":"controlParams","sourceName":"controlParams","type":"org.appcelerator.kroll.KrollDict"}],"apiName":"generateShortUrl","converter":"org.appcelerator.kroll.KrollConverter","defaultValueProvider":"org.appcelerator.kroll.KrollConverter","name":"__default_name__","returnType":"void"},"getTitle":{"runOnUiThread":false,"hasInvocation":false,"args":[],"apiName":"getTitle","converter":"org.appcelerator.kroll.KrollConverter","defaultValueProvider":"org.appcelerator.kroll.KrollConverter","name":"__default_name__","returnType":"java.lang.String"},"addContentMetadata":{"runOnUiThread":false,"hasInvocation":false,"args":[{"converter":"org.appcelerator.kroll.KrollConverter","defaultValueProvider":"org.appcelerator.kroll.KrollConverter","name":"key","sourceName":"key","type":"java.lang.String"},{"converter":"org.appcelerator.kroll.KrollConverter","defaultValueProvider":"org.appcelerator.kroll.KrollConverter","name":"value","sourceName":"value","type":"java.lang.String"}],"apiName":"addContentMetadata","converter":"org.appcelerator.kroll.KrollConverter","defaultValueProvider":"org.appcelerator.kroll.KrollConverter","name":"__default_name__","returnType":"void"},"setCanonicalIdentifier":{"runOnUiThread":false,"hasInvocation":false,"args":[{"converter":"org.appcelerator.kroll.KrollConverter","defaultValueProvider":"org.appcelerator.kroll.KrollConverter","name":"canonicalIdentifier","sourceName":"canonicalIdentifier","type":"java.lang.String"}],"apiName":"setCanonicalIdentifier","converter":"org.appcelerator.kroll.KrollConverter","defaultValueProvider":"org.appcelerator.kroll.KrollConverter","name":"__default_name__","returnType":"void"},"printMessage":{"runOnUiThread":false,"hasInvocation":false,"args":[{"converter":"org.appcelerator.kroll.KrollConverter","defaultValueProvider":"org.appcelerator.kroll.KrollConverter","name":"message","sourceName":"message","type":"java.lang.String"}],"apiName":"printMessage","converter":"org.appcelerator.kroll.KrollConverter","defaultValueProvider":"org.appcelerator.kroll.KrollConverter","name":"__default_name__","returnType":"void"},"setContentImageUrl":{"runOnUiThread":false,"hasInvocation":false,"args":[{"converter":"org.appcelerator.kroll.KrollConverter","defaultValueProvider":"org.appcelerator.kroll.KrollConverter","name":"contentImageUrl","sourceName":"contentImageUrl","type":"java.lang.String"}],"apiName":"setContentImageUrl","converter":"org.appcelerator.kroll.KrollConverter","defaultValueProvider":"org.appcelerator.kroll.KrollConverter","name":"__default_name__","returnType":"void"},"setContentDescription":{"runOnUiThread":false,"hasInvocation":false,"args":[{"converter":"org.appcelerator.kroll.KrollConverter","defaultValueProvider":"org.appcelerator.kroll.KrollConverter","name":"contentDescription","sourceName":"contentDescription","type":"java.lang.String"}],"apiName":"setContentDescription","converter":"org.appcelerator.kroll.KrollConverter","defaultValueProvider":"org.appcelerator.kroll.KrollConverter","name":"__default_name__","returnType":"void"},"registerView":{"runOnUiThread":false,"hasInvocation":false,"args":[],"apiName":"registerView","converter":"org.appcelerator.kroll.KrollConverter","defaultValueProvider":"org.appcelerator.kroll.KrollConverter","name":"__default_name__","returnType":"void"},"showShareSheet":{"runOnUiThread":false,"hasInvocation":false,"args":[{"converter":"org.appcelerator.kroll.KrollConverter","defaultValueProvider":"org.appcelerator.kroll.KrollConverter","name":"options","sourceName":"options","type":"org.appcelerator.kroll.KrollDict"},{"converter":"org.appcelerator.kroll.KrollConverter","defaultValueProvider":"org.appcelerator.kroll.KrollConverter","name":"controlParams","sourceName":"controlParams","type":"org.appcelerator.kroll.KrollDict"}],"apiName":"showShareSheet","converter":"org.appcelerator.kroll.KrollConverter","defaultValueProvider":"org.appcelerator.kroll.KrollConverter","name":"__default_name__","returnType":"void"}},"dynamicProperties":{"publicallyIndexable":{"set":false,"nativeConverter":"org.appcelerator.kroll.KrollConverter","getMethodName":"isPublicallyIndexable","converter":"org.appcelerator.kroll.KrollConverter","defaultValueProvider":"org.appcelerator.kroll.KrollConverter","javascriptConverter":"org.appcelerator.kroll.KrollConverter","getHasInvocation":false,"runOnUiThread":false,"getMethodArgs":[],"getReturnType":"boolean","get":true,"name":"publicallyIndexable","setHasInvocation":false,"getDefaultProviders":[]},"contentImageUrl":{"set":true,"nativeConverter":"org.appcelerator.kroll.KrollConverter","getMethodName":"getContentImageUrl","setMethodName":"setContentImageUrl","setMethodArgs":[{"converter":"org.appcelerator.kroll.KrollConverter","defaultValueProvider":"org.appcelerator.kroll.KrollConverter","name":"contentImageUrl","sourceName":"contentImageUrl","type":"java.lang.String"}],"setDefaultProviders":["org.appcelerator.kroll.KrollConverter"],"converter":"org.appcelerator.kroll.KrollConverter","defaultValueProvider":"org.appcelerator.kroll.KrollConverter","retain":true,"javascriptConverter":"org.appcelerator.kroll.KrollConverter","getHasInvocation":false,"runOnUiThread":false,"getMethodArgs":[],"getReturnType":"java.lang.String","setReturnType":"void","get":true,"name":"contentImageUrl","setHasInvocation":false,"getDefaultProviders":[]},"contentDescription":{"set":true,"nativeConverter":"org.appcelerator.kroll.KrollConverter","getMethodName":"getContentDescription","setMethodName":"setContentDescription","setMethodArgs":[{"converter":"org.appcelerator.kroll.KrollConverter","defaultValueProvider":"org.appcelerator.kroll.KrollConverter","name":"contentDescription","sourceName":"contentDescription","type":"java.lang.String"}],"setDefaultProviders":["org.appcelerator.kroll.KrollConverter"],"converter":"org.appcelerator.kroll.KrollConverter","defaultValueProvider":"org.appcelerator.kroll.KrollConverter","retain":true,"javascriptConverter":"org.appcelerator.kroll.KrollConverter","getHasInvocation":false,"runOnUiThread":false,"getMethodArgs":[],"getReturnType":"java.lang.String","setReturnType":"void","get":true,"name":"contentDescription","setHasInvocation":false,"getDefaultProviders":[]},"addContentMetadata":{"set":true,"nativeConverter":"org.appcelerator.kroll.KrollConverter","setMethodName":"addContentMetadata","setMethodArgs":[{"converter":"org.appcelerator.kroll.KrollConverter","defaultValueProvider":"org.appcelerator.kroll.KrollConverter","name":"key","sourceName":"key","type":"java.lang.String"},{"converter":"org.appcelerator.kroll.KrollConverter","defaultValueProvider":"org.appcelerator.kroll.KrollConverter","name":"value","sourceName":"value","type":"java.lang.String"}],"setDefaultProviders":["org.appcelerator.kroll.KrollConverter","org.appcelerator.kroll.KrollConverter"],"converter":"org.appcelerator.kroll.KrollConverter","defaultValueProvider":"org.appcelerator.kroll.KrollConverter","retain":true,"javascriptConverter":"org.appcelerator.kroll.KrollConverter","getHasInvocation":false,"runOnUiThread":false,"setReturnType":"void","get":false,"name":"addContentMetadata","setHasInvocation":false},"contentIndexingMode":{"set":true,"nativeConverter":"org.appcelerator.kroll.KrollConverter","setMethodName":"setContentIndexingMode","setMethodArgs":[{"converter":"org.appcelerator.kroll.KrollConverter","defaultValueProvider":"org.appcelerator.kroll.KrollConverter","name":"contentIndexingMode","sourceName":"contentIndexingMode","type":"java.lang.String"}],"setDefaultProviders":["org.appcelerator.kroll.KrollConverter"],"converter":"org.appcelerator.kroll.KrollConverter","defaultValueProvider":"org.appcelerator.kroll.KrollConverter","retain":true,"javascriptConverter":"org.appcelerator.kroll.KrollConverter","getHasInvocation":false,"runOnUiThread":false,"setReturnType":"void","get":false,"name":"contentIndexingMode","setHasInvocation":false},"canonicalIdentifier":{"set":true,"nativeConverter":"org.appcelerator.kroll.KrollConverter","getMethodName":"getCanonicalIdentifier","setMethodName":"setCanonicalIdentifier","setMethodArgs":[{"converter":"org.appcelerator.kroll.KrollConverter","defaultValueProvider":"org.appcelerator.kroll.KrollConverter","name":"canonicalIdentifier","sourceName":"canonicalIdentifier","type":"java.lang.String"}],"setDefaultProviders":["org.appcelerator.kroll.KrollConverter"],"converter":"org.appcelerator.kroll.KrollConverter","defaultValueProvider":"org.appcelerator.kroll.KrollConverter","retain":true,"javascriptConverter":"org.appcelerator.kroll.KrollConverter","getHasInvocation":false,"runOnUiThread":false,"getMethodArgs":[],"getReturnType":"java.lang.String","setReturnType":"void","get":true,"name":"canonicalIdentifier","setHasInvocation":false,"getDefaultProviders":[]},"message":{"set":true,"nativeConverter":"org.appcelerator.kroll.KrollConverter","getMethodName":"getMessage","setMethodName":"setMessage","setMethodArgs":[{"converter":"org.appcelerator.kroll.KrollConverter","defaultValueProvider":"org.appcelerator.kroll.KrollConverter","name":"message","sourceName":"message","type":"java.lang.String"}],"setDefaultProviders":["org.appcelerator.kroll.KrollConverter"],"converter":"org.appcelerator.kroll.KrollConverter","defaultValueProvider":"org.appcelerator.kroll.KrollConverter","retain":true,"javascriptConverter":"org.appcelerator.kroll.KrollConverter","getHasInvocation":false,"runOnUiThread":false,"getMethodArgs":[],"getReturnType":"java.lang.String","setReturnType":"void","get":true,"name":"message","setHasInvocation":false,"getDefaultProviders":[]},"title":{"set":true,"nativeConverter":"org.appcelerator.kroll.KrollConverter","getMethodName":"getTitle","setMethodName":"setTitle","setMethodArgs":[{"converter":"org.appcelerator.kroll.KrollConverter","defaultValueProvider":"org.appcelerator.kroll.KrollConverter","name":"title","sourceName":"title","type":"java.lang.String"}],"setDefaultProviders":["org.appcelerator.kroll.KrollConverter"],"converter":"org.appcelerator.kroll.KrollConverter","defaultValueProvider":"org.appcelerator.kroll.KrollConverter","retain":true,"javascriptConverter":"org.appcelerator.kroll.KrollConverter","getHasInvocation":false,"runOnUiThread":false,"getMethodArgs":[],"getReturnType":"java.lang.String","setReturnType":"void","get":true,"name":"title","setHasInvocation":false,"getDefaultProviders":[]}},"superProxyBindingClassName":"org.appcelerator.kroll.KrollProxyBindingGen","proxyClassName":"BranchUniversalObjectProxy","proxyAttrs":{"propertyAccessors":[],"fullAPIName":"TitaniumDeferredDeepLinkingSDK.BranchUniversalObject","name":"BranchUniversalObject","proxyClassName":"io.branch.sdk.BranchUniversalObjectProxy","isTopLevel":false,"id":"io.branch.sdk.BranchUniversalObjectProxy","creatableInModule":"io.branch.sdk.TitaniumDeferredDeepLinkingSDKModule","parentModule":"org.appcelerator.kroll.annotations.Kroll.DEFAULT"},"packageName":"io.branch.sdk","sourceName":"io.branch.sdk.BranchUniversalObjectProxyBindingGen","isTitaniumSdk":false,"superProxyClassName":"KrollProxy","isModule":false,"genClassName":"BranchUniversalObjectProxyBindingGen"},"io.branch.sdk.TitaniumDeferredDeepLinkingSDKModule":{"superPackageName":"org.appcelerator.kroll","methods":{"initSessionWithData":{"runOnUiThread":false,"hasInvocation":false,"args":[{"converter":"org.appcelerator.kroll.KrollConverter","defaultValueProvider":"org.appcelerator.kroll.KrollConverter","name":"data","sourceName":"data","type":"java.lang.String"}],"apiName":"initSessionWithData","converter":"org.appcelerator.kroll.KrollConverter","defaultValueProvider":"org.appcelerator.kroll.KrollConverter","name":"__default_name__","returnType":"void"},"getCreditHistory":{"runOnUiThread":false,"hasInvocation":false,"args":[],"apiName":"getCreditHistory","converter":"org.appcelerator.kroll.KrollConverter","defaultValueProvider":"org.appcelerator.kroll.KrollConverter","name":"__default_name__","returnType":"void"},"getLatestReferringParams":{"runOnUiThread":false,"hasInvocation":false,"args":[],"apiName":"getLatestReferringParams","converter":"org.appcelerator.kroll.KrollConverter","defaultValueProvider":"org.appcelerator.kroll.KrollConverter","name":"__default_name__","returnType":"org.appcelerator.kroll.KrollDict"},"disableTracking":{"runOnUiThread":false,"hasInvocation":false,"args":[{"converter":"org.appcelerator.kroll.KrollConverter","defaultValueProvider":"org.appcelerator.kroll.KrollConverter","name":"trackingDisableFlag","sourceName":"trackingDisableFlag","type":"boolean"}],"apiName":"disableTracking","converter":"org.appcelerator.kroll.KrollConverter","defaultValueProvider":"org.appcelerator.kroll.KrollConverter","name":"__default_name__","returnType":"void"},"setDebug":{"runOnUiThread":false,"hasInvocation":false,"args":[],"apiName":"setDebug","converter":"org.appcelerator.kroll.KrollConverter","defaultValueProvider":"org.appcelerator.kroll.KrollConverter","name":"__default_name__","returnType":"void"},"userCompletedActionWithAppstate":{"runOnUiThread":false,"hasInvocation":false,"args":[{"converter":"org.appcelerator.kroll.KrollConverter","defaultValueProvider":"org.appcelerator.kroll.KrollConverter","name":"action","sourceName":"action","type":"java.lang.String"},{"converter":"org.appcelerator.kroll.KrollConverter","defaultValueProvider":"org.appcelerator.kroll.KrollConverter","name":"appState","sourceName":"appState","type":"org.json.JSONObject"}],"apiName":"userCompletedActionWithAppstate","converter":"org.appcelerator.kroll.KrollConverter","defaultValueProvider":"org.appcelerator.kroll.KrollConverter","name":"__default_name__","returnType":"void"},"isTrackingDisabled":{"runOnUiThread":false,"hasInvocation":false,"args":[],"apiName":"isTrackingDisabled","converter":"org.appcelerator.kroll.KrollConverter","defaultValueProvider":"org.appcelerator.kroll.KrollConverter","name":"__default_name__","returnType":"boolean"},"getCreditsForBucket":{"runOnUiThread":false,"hasInvocation":false,"args":[{"converter":"org.appcelerator.kroll.KrollConverter","defaultValueProvider":"org.appcelerator.kroll.KrollConverter","name":"bucket","sourceName":"bucket","type":"java.lang.String"}],"apiName":"getCreditsForBucket","converter":"org.appcelerator.kroll.KrollConverter","defaultValueProvider":"org.appcelerator.kroll.KrollConverter","name":"__default_name__","returnType":"org.appcelerator.kroll.KrollDict"},"logout":{"runOnUiThread":false,"hasInvocation":false,"args":[],"apiName":"logout","converter":"org.appcelerator.kroll.KrollConverter","defaultValueProvider":"org.appcelerator.kroll.KrollConverter","name":"__default_name__","returnType":"void"},"loadRewards":{"runOnUiThread":false,"hasInvocation":false,"args":[],"apiName":"loadRewards","converter":"org.appcelerator.kroll.KrollConverter","defaultValueProvider":"org.appcelerator.kroll.KrollConverter","name":"__default_name__","returnType":"void"},"updateIntent":{"runOnUiThread":false,"hasInvocation":false,"args":[{"converter":"org.appcelerator.kroll.KrollConverter","defaultValueProvider":"org.appcelerator.kroll.KrollConverter","name":"obj","sourceName":"obj","type":"org.appcelerator.titanium.proxy.IntentProxy"}],"apiName":"updateIntent","converter":"org.appcelerator.kroll.KrollConverter","defaultValueProvider":"org.appcelerator.kroll.KrollConverter","name":"__default_name__","returnType":"void"},"getFirstReferringParams":{"runOnUiThread":false,"hasInvocation":false,"args":[],"apiName":"getFirstReferringParams","converter":"org.appcelerator.kroll.KrollConverter","defaultValueProvider":"org.appcelerator.kroll.KrollConverter","name":"__default_name__","returnType":"org.appcelerator.kroll.KrollDict"},"initSession":{"runOnUiThread":false,"hasInvocation":false,"args":[],"apiName":"initSession","converter":"org.appcelerator.kroll.KrollConverter","defaultValueProvider":"org.appcelerator.kroll.KrollConverter","name":"__default_name__","returnType":"void"},"getCredits":{"runOnUiThread":false,"hasInvocation":false,"args":[],"apiName":"getCredits","converter":"org.appcelerator.kroll.KrollConverter","defaultValueProvider":"org.appcelerator.kroll.KrollConverter","name":"__default_name__","returnType":"org.appcelerator.kroll.KrollDict"},"redeemRewards":{"runOnUiThread":false,"hasInvocation":false,"args":[{"converter":"org.appcelerator.kroll.KrollConverter","defaultValueProvider":"org.appcelerator.kroll.KrollConverter","name":"value","sourceName":"value","type":"int"}],"apiName":"redeemRewards","converter":"org.appcelerator.kroll.KrollConverter","defaultValueProvider":"org.appcelerator.kroll.KrollConverter","name":"__default_name__","returnType":"void"},"setIdentity":{"runOnUiThread":false,"hasInvocation":false,"args":[{"converter":"org.appcelerator.kroll.KrollConverter","defaultValueProvider":"org.appcelerator.kroll.KrollConverter","name":"identity","sourceName":"identity","type":"java.lang.String"}],"apiName":"setIdentity","converter":"org.appcelerator.kroll.KrollConverter","defaultValueProvider":"org.appcelerator.kroll.KrollConverter","name":"__default_name__","returnType":"void"},"userCompletedAction":{"runOnUiThread":false,"hasInvocation":false,"args":[{"converter":"org.appcelerator.kroll.KrollConverter","defaultValueProvider":"org.appcelerator.kroll.KrollConverter","name":"action","sourceName":"action","type":"java.lang.String"}],"apiName":"userCompletedAction","converter":"org.appcelerator.kroll.KrollConverter","defaultValueProvider":"org.appcelerator.kroll.KrollConverter","name":"__default_name__","returnType":"void"}},"superProxyBindingClassName":"org.appcelerator.kroll.KrollModuleBindingGen","proxyClassName":"TitaniumDeferredDeepLinkingSDKModule","proxyAttrs":{"propertyAccessors":[],"fullAPIName":"TitaniumDeferredDeepLinkingSDK","name":"TitaniumDeferredDeepLinkingSDK","proxyClassName":"io.branch.sdk.TitaniumDeferredDeepLinkingSDKModule","isTopLevel":false,"id":"io.branch.sdk"},"packageName":"io.branch.sdk","sourceName":"io.branch.sdk.TitaniumDeferredDeepLinkingSDKModuleBindingGen","isTitaniumSdk":false,"superProxyClassName":"KrollModule","isModule":true,"genClassName":"TitaniumDeferredDeepLinkingSDKModuleBindingGen","onAppCreate":"onAppCreate"}},"modules":{"io.branch.sdk.TitaniumDeferredDeepLinkingSDKModule":{"apiName":"TitaniumDeferredDeepLinkingSDK","createProxies":[{"propertyAccessors":[],"fullAPIName":"TitaniumDeferredDeepLinkingSDK.BranchUniversalObject","name":"BranchUniversalObject","proxyClassName":"io.branch.sdk.BranchUniversalObjectProxy","isTopLevel":false,"id":"io.branch.sdk.BranchUniversalObjectProxy","creatableInModule":"io.branch.sdk.TitaniumDeferredDeepLinkingSDKModule","parentModule":"org.appcelerator.kroll.annotations.Kroll.DEFAULT"}]}}}